Label,# Samples,Average,Median,90% Line,95% Line,99% Line,Min,Max,Error %,Throughput,Received KB/sec,Sent KB/sec
01 - Load Homepage,150,5,5,7,8,10,4,10,0.000%,1.08760,1.10,0.12
02 - Load React Bundle,150,6,6,8,8,13,4,32,0.000%,1.08756,185.39,0.15
03 - Load CSS Bundle,150,6,6,7,8,14,4,17,0.000%,1.08756,248.74,0.15
04 - Get Static Users,150,4,4,6,7,10,3,14,0.000%,1.08771,0.56,0.14
05 - Get Conversations,150,41,41,45,46,72,35,75,0.000%,1.08752,0.72,0.16
06 - Get Messages,150,148,146,163,170,182,128,214,0.000%,1.08642,7.11,0.20
07 - Send Message,150,116,116,131,134,141,100,151,0.000%,1.08655,0.29,0.29
TOTAL,1050,46,7,138,156,169,3,214,0.000%,6.10831,356.17,0.98
