Label,# Samples,Average,Median,90% Line,95% Line,99% Line,Min,Max,Error %,Throughput,Received KB/sec,Sent KB/sec
01 - Load Homepage,150,5,5,6,7,9,3,9,0.000%,1.08552,1.10,0.12
02 - Load React Bundle,150,5,6,8,8,14,4,16,0.000%,1.08547,185.03,0.15
03 - Load CSS Bundle,150,6,6,8,8,15,4,16,0.000%,1.08550,248.27,0.15
04 - Get Static Users,150,4,4,6,7,8,3,9,0.000%,1.08550,0.53,0.14
05 - Get Conversations,150,46,47,49,50,52,36,55,0.000%,1.08521,0.69,0.16
06 - Get Messages,150,198,202,226,229,400,134,644,0.000%,1.08377,41.03,0.20
07 - Send Message,150,133,137,144,147,159,106,169,0.000%,1.08393,0.26,0.29
TOTAL,1050,57,7,179,206,228,3,644,0.000%,6.09618,382.68,0.98
