Label,# Samples,Average,Min,Max,Std. Dev.,Error %,Throughput,Received KB/sec,Sent KB/sec,Avg. Bytes
01 - Load Homepage,150,5,3,9,1.11,0.000%,1.08552,1.10,0.12,1037.0
02 - Load React Bundle,150,5,4,16,1.63,0.000%,1.08547,185.03,0.15,174553.0
03 - Load CSS Bundle,150,6,4,16,1.74,0.000%,1.08550,248.27,0.15,234204.0
04 - Get Static Users,150,4,3,9,1.10,0.000%,1.08550,0.53,0.14,500.0
05 - Get Conversations,150,46,36,55,3.26,0.000%,1.08521,0.69,0.16,652.0
06 - Get Messages,150,198,134,644,49.11,0.000%,1.08377,41.03,0.20,38769.8
07 - Send Message,150,133,106,169,10.28,0.000%,1.08393,0.26,0.29,247.0
TOTAL,1050,57,3,644,74.93,0.000%,6.09618,382.68,0.98,64280.4
