Label,# Samples,Average,Min,Max,Std. Dev.,Error %,Throughput,Received KB/sec,Sent KB/sec,Avg. Bytes
01 - Load Homepage,150,5,4,10,1.28,0.000%,1.08760,1.10,0.12,1037.0
02 - Load React Bundle,150,6,4,32,2.53,0.000%,1.08756,185.39,0.15,174553.0
03 - Load CSS Bundle,150,6,4,17,1.66,0.000%,1.08756,248.74,0.15,234204.0
04 - Get Static Users,150,4,3,14,1.40,0.000%,1.08771,0.56,0.14,523.0
05 - Get Conversations,150,41,35,75,5.35,0.000%,1.08752,0.72,0.16,675.0
06 - Get Messages,150,148,128,214,14.09,0.000%,1.08642,7.11,0.20,6698.0
07 - Send Message,150,116,100,151,10.87,0.000%,1.08655,0.29,0.29,270.0
TOTAL,1050,46,3,214,56.39,0.000%,6.10831,356.17,0.98,59708.6
